sep=;
Run time (s);Round;Exception;deadline;Agreement;Discounted;#agreeing;min.util.;max.util.;Dist. to Pareto;Dist. to Nash;Social Welfare;Agent 1;Agent 2;Agent 3;Utility 1;Utility 2;Utility 3;Disc. Util. 1;Disc. Util. 2;Disc. Util. 3;Profile 1;Profile 2;Profile 3
0,129;84;;180rounds;Yes;No;3;0,49465;0,97500;0,00000;0,48526;2,08197;BoulwareNegotiationParty@0;ConcederNegotiationParty@1;Group6@2;0.975;0.49464690002105177;0.6123211348649507;0.975;0.49464690002105177;0.6123211348649507;party1_utility.xml;party2_utility.xml;party3_utility.xml
0,041;24;;180rounds;Yes;No;3;0,58562;1,00000;0,00000;0,19642;2,24396;ConcederNegotiationParty@3;BoulwareNegotiationParty@4;Group6@5;0.6583333333333333;1.0;0.5856226065195247;0.6583333333333333;1.0;0.5856226065195247;party1_utility.xml;party2_utility.xml;party3_utility.xml
0,049;35;;180rounds;Yes;No;3;0,58562;1,00000;0,00000;0,19642;2,24396;Group6@6;BoulwareNegotiationParty@7;ConcederNegotiationParty@8;0.6583333333333333;1.0;0.5856226065195247;0.6583333333333333;1.0;0.5856226065195247;party1_utility.xml;party2_utility.xml;party3_utility.xml
0,068;32;;180rounds;Yes;No;3;0,29693;1,00000;0,00000;0,67808;1,89378;BoulwareNegotiationParty@9;Group6@10;ConcederNegotiationParty@11;1.0;0.2969260373579895;0.5968500104495003;1.0;0.2969260373579895;0.5968500104495003;party1_utility.xml;party2_utility.xml;party3_utility.xml
0,063;50;;180rounds;Yes;No;3;0,43241;1,00000;0,00000;0,64373;1,91991;ConcederNegotiationParty@12;Group6@13;BoulwareNegotiationParty@14;0.48749999999999993;0.43241457513409964;0.9999999999999999;0.48749999999999993;0.43241457513409964;0.9999999999999999;party1_utility.xml;party2_utility.xml;party3_utility.xml
0,076;61;;180rounds;Yes;No;3;0,43241;1,00000;0,00000;0,64373;1,91991;Group6@15;ConcederNegotiationParty@16;BoulwareNegotiationParty@17;0.48749999999999993;0.43241457513409964;0.9999999999999999;0.48749999999999993;0.43241457513409964;0.9999999999999999;party1_utility.xml;party2_utility.xml;party3_utility.xml
